Workbook

Sheet Dataset
A1: Component Number | B1: Supplier Name | C1: Delivery Timeline (Days) | D1: Raw Material Cost ($) | E1: Risk Level | F1: Mitigation Plan | G1: Supply Chain Expected Date | H1: Defect Rate (%) | I1: Production Usage Rate (Units/Day) | J1: Supplier Reliability (%) | K1: Inventory Level (Units) | L1: Reorder Point (Units) | M1: Lead Time Variance (Days) | N1: Expedite Shipping Cost ($) | O1: Order Size (Units) | P1: On-Time Delivery Rate (%) | Q1: Backorder Volume (Units) | R1: Quality Inspection Pass Rate (%) | S1: Forecast Accuracy (%) | T1: Safety Stock (Units)
A2: BIND567 | B2: EcoSupply | C2: 64 | D2: 1309 | E2: Medium | F2: Negotiate Terms | G2: 2024-12-15 | H2: 2.91 | I2: 1496 | J2: 99 | K2: 25500 | L2: 580 | M2: 26 | N2: 1100 | O2: 2698 | P2: 99 | Q2: 453 | R2: 95 | S2: 98 | T2: 398
A3: CARB123 | B3: RawMatPlus | C3: 62 | D3: 1112 | E3: Medium | F3: Review Contract | G3: 2024-12-15 | H3: 4.41 | I3: 1277 | J3: 97 | K3: 16530 | L3: 1214 | M3: 24 | N3: 1196 | O3: 1569 | P3: 84 | Q3: 110 | R3: 95 | S3: 83 | T3: 347
A4: CARB123 | B4: RawMatPlus | C4: 10 | D4: 1108 | E4: High | F4: Expedite Shipping | G4: 2024-07-21 | H4: 2.56 | I4: 771 | J4: 87 | K4: 20100 | L4: 1262 | M4: 8 | N4: 1603 | O4: 1538 | P4: 98 | Q4: 219 | R4: 99 | S4: 92 | T4: 485
A5: CARB123 | B5: RawMatPlus | C5: 12 | D5: 1046 | E5: Low | F5: Negotiate Terms | G5: 2024-03-21 | H5: 1.22 | I5: 1196 | J5: 91 | K5: 34420 | L5: 565 | M5: 6 | N5: 1281 | O5: 2220 | P5: 94 | Q5: 270 | R5: 94 | S5: 97 | T5: 740
A6: CARB123 | B6: RawMatPlus | C6: 9 | D6: 1393 | E6: High | F6: Increase Inventory | G6: 2024-02-10 | H6: 2.46 | I6: 964 | J6: 85 | K6: 49060 | L6: 1239 | M6: 4 | N6: 1525 | O6: 2560 | P6: 85 | Q6: 259 | R6: 91 | S6: 89 | T6: 730
A7: COAT890 | B7: GlobalChem | C7: 60 | D7: 1125 | E7: Low | F7: Source Alternative | G7: 2024-12-04 | H7: 3.55 | I7: 1413 | J7: 93 | K7: 13560 | L7: 1104 | M7: 22 | N7: 565 | O7: 1061 | P7: 82 | Q7: 111 | R7: 93 | S7: 96 | T7: 608
A8: COAT890 | B8: GlobalChem | C8: 15 | D8: 1116 | E8: Medium | F8: Negotiate Terms | G8: 2024-04-28 | H8: 0.95 | I8: 784 | J8: 92 | K8: 36030 | L8: 1354 | M8: 5 | N8: 833 | O8: 1758 | P8: 91 | Q8: 107 | R8: 94 | S8: 82 | T8: 611
A9: COAT890 | B9: RawMatPlus | C9: 8 | D9: 1083 | E9: Medium | F9: Expedite Shipping | G9: 2024-05-21 | H9: 3.6 | I9: 724 | J9: 95 | K9: 23280 | L9: 1363 | M9: 0 | N9: 969 | O9: 2683 | P9: 81 | Q9: 412 | R9: 95 | S9: 92 | T9: 437
A10: COAT890 | B10: NextGen Pharma | C10: 10 | D10: 1390 | E10: Low | F10: Review Contract | G10: 2024-09-01 | H10: 3.2 | I10: 1000 | J10: 85 | K10: 14580 | L10: 1451 | M10: 5 | N10: 1129 | O10: 1490 | P10: 81 | Q10: 123 | R10: 99 | S10: 82 | T10: 343
A11: COAT890 | B11: GlobalChem | C11: 13 | D11: 1392 | E11: Low | F11: Source Alternative | G11: 2024-11-16 | H11: 4.76 | I11: 669 | J11: 89 | K11: 31610 | L11: 1393 | M11: 9 | N11: 1366 | O11: 2975 | P11: 86 | Q11: 475 | R11: 98 | S11: 86 | T11: 665
A12: COMP010 | B12: PrimeLogistics | C12: 15 | D12: 1332 | E12: Medium | F12: Expedite Shipping | G12: 2024-09-15 | H12: 1.04 | I12: 730 | J12: 86 | K12: 23840 | L12: 521 | M12: 9 | N12: 1634 | O12: 1471 | P12: 98 | Q12: 112 | R12: 90 | S12: 82 | T12: 662
A13: COMP011 | B13: NextGen Pharma | C13: 6 | D13: 1463 | E13: Low | F13: Increase Inventory | G13: 2024-02-17 | H13: 1.57 | I13: 1185 | J13: 92 | K13: 18770 | L13: 1052 | M13: 2 | N13: 1981 | O13: 2915 | P13: 98 | Q13: 295 | R13: 97 | S13: 87 | T13: 701
... A51: COMP049 | B51: NextGen Pharma | C51: 9 | D51: 1304 | E51: High | F51: Review Contract | G51: 2024-05-15 | H51: 1.06 | I51: 1205 | J51: 89 | K51: 38660 | L51: 912 | M51: 4 | N51: 1524 | O51: 2105 | P51: 95 | Q51: 224 | R51: 91 | S51: 99 | T51: 320

Sheet Analysis
A1: Supply Chain Performance Analysis
A2: Source: Dataset sheet (50 components/orders). Delayed = delivery timeline greater than overall average (13.6 days).
A4: Risk Level | B4: Component Count | C4: Avg Delivery Timeline (Days) | D4: Avg On-Time Delivery Rate (%) | E4: Avg Lead Time Variance (Days) | G4: Delayed Components Insight | H4: Value | I4: Formula Basis | J4: Notes
A5: High | B5: =COUNTIF(Dataset!$E$2:$E$51,A5) -> 12 | C5: =AVERAGEIF(Dataset!$E$2:$E$51,A5,Dataset!$C$2:$C$51) -> 11.25 | D5: =AVERAGEIF(Dataset!$E$2:$E$51,A5,Dataset!$P$2:$P$51) -> 91.083333 | E5: =AVERAGEIF(Dataset!$E$2:$E$51,A5,Dataset!$M$2:$M$51) -> 6.4166667 | G5: Average Delivery Timeline (Days) | H5: =AVERAGE(Dataset!$C$2:$C$51) -> 13.56 | I5: Overall average timeline | J5: Benchmark threshold
A6: Medium | B6: =COUNTIF(Dataset!$E$2:$E$51,A6) -> 24 | C6: =AVERAGEIF(Dataset!$E$2:$E$51,A6,Dataset!$C$2:$C$51) -> 15.125 | D6: =AVERAGEIF(Dataset!$E$2:$E$51,A6,Dataset!$P$2:$P$51) -> 90.041667 | E6: =AVERAGEIF(Dataset!$E$2:$E$51,A6,Dataset!$M$2:$M$51) -> 6.5 | G6: Delayed Component Count | H6: =COUNTIF(Dataset!$C$2:$C$51,">"&H5) -> 11 | I6: Delivery timeline > overall average | J6: Components above benchmark
A7: Low | B7: =COUNTIF(Dataset!$E$2:$E$51,A7) -> 14 | C7: =AVERAGEIF(Dataset!$E$2:$E$51,A7,Dataset!$C$2:$C$51) -> 12.857143 | D7: =AVERAGEIF(Dataset!$E$2:$E$51,A7,Dataset!$P$2:$P$51) -> 88.857143 | E7: =AVERAGEIF(Dataset!$E$2:$E$51,A7,Dataset!$M$2:$M$51) -> 7 | G7: Avg On-Time Rate for Delayed (%) | H7: =AVERAGEIF(Dataset!$C$2:$C$51,">"&H5,Dataset!$P$2:$P$51) -> 89.818182 | I7: AVERAGEIF over delayed components | J7: Key requested metric
G8: Worst Delayed Component On-Time Rate (%) | H8: =_xlfn.MINIFS(Dataset!$P$2:$P$51,Dataset!$C$2:$C$51,">"&H5) -> 82 | I8: MINIFS over delayed components | J8: Lowest on-time among delayed
A11: Supplier | B11: Orders | C11: Avg Reliability (%) | D11: Avg On-Time Rate (%) | E11: Avg Defect Rate (%) | F11: Avg Inspection Pass (%) | G11: Avg Backorder Volume | H11: High Risk Orders
A12: EcoSupply | B12: =COUNTIF(Dataset!$B$2:$B$51,A12) -> 10 | C12: =AVERAGEIF(Dataset!$B$2:$B$51,A12,Dataset!$J$2:$J$51) -> 93.2 | D12: =AVERAGEIF(Dataset!$B$2:$B$51,A12,Dataset!$P$2:$P$51) -> 87.9 | E12: =AVERAGEIF(Dataset!$B$2:$B$51,A12,Dataset!$H$2:$H$51) -> 2.498 | F12: =AVERAGEIF(Dataset!$B$2:$B$51,A12,Dataset!$R$2:$R$51) -> 93.9 | G12: =AVERAGEIF(Dataset!$B$2:$B$51,A12,Dataset!$Q$2:$Q$51) -> 318.7 | H12: =COUNTIFS(Dataset!$B$2:$B$51,A12,Dataset!$E$2:$E$51,"High") -> 3
A13: GlobalChem | B13: =COUNTIF(Dataset!$B$2:$B$51,A13) -> 9 | C13: =AVERAGEIF(Dataset!$B$2:$B$51,A13,Dataset!$J$2:$J$51) -> 92.555556 | D13: =AVERAGEIF(Dataset!$B$2:$B$51,A13,Dataset!$P$2:$P$51) -> 90.888889 | E13: =AVERAGEIF(Dataset!$B$2:$B$51,A13,Dataset!$H$2:$H$51) -> 2.5677778 | F13: =AVERAGEIF(Dataset!$B$2:$B$51,A13,Dataset!$R$2:$R$51) -> 94.555556 | G13: =AVERAGEIF(Dataset!$B$2:$B$51,A13,Dataset!$Q$2:$Q$51) -> 271.22222 | H13: =COUNTIFS(Dataset!$B$2:$B$51,A13,Dataset!$E$2:$E$51,"High") -> 0
A14: NextGen Pharma | B14: =COUNTIF(Dataset!$B$2:$B$51,A14) -> 11 | C14: =AVERAGEIF(Dataset!$B$2:$B$51,A14,Dataset!$J$2:$J$51) -> 91.818182 | D14: =AVERAGEIF(Dataset!$B$2:$B$51,A14,Dataset!$P$2:$P$51) -> 91.545455 | E14: =AVERAGEIF(Dataset!$B$2:$B$51,A14,Dataset!$H$2:$H$51) -> 2.2190909 | F14: =AVERAGEIF(Dataset!$B$2:$B$51,A14,Dataset!$R$2:$R$51) -> 93.727273 | G14: =AVERAGEIF(Dataset!$B$2:$B$51,A14,Dataset!$Q$2:$Q$51) -> 207.72727 | H14: =COUNTIFS(Dataset!$B$2:$B$51,A14,Dataset!$E$2:$E$51,"High") -> 3
A15: PrimeLogistics | B15: =COUNTIF(Dataset!$B$2:$B$51,A15) -> 7 | C15: =AVERAGEIF(Dataset!$B$2:$B$51,A15,Dataset!$J$2:$J$51) -> 91.428571 | D15: =AVERAGEIF(Dataset!$B$2:$B$51,A15,Dataset!$P$2:$P$51) -> 88 | E15: =AVERAGEIF(Dataset!$B$2:$B$51,A15,Dataset!$H$2:$H$51) -> 2.8885714 | F15: =AVERAGEIF(Dataset!$B$2:$B$51,A15,Dataset!$R$2:$R$51) -> 92.428571 | G15: =AVERAGEIF(Dataset!$B$2:$B$51,A15,Dataset!$Q$2:$Q$51) -> 312.28571 | H15: =COUNTIFS(Dataset!$B$2:$B$51,A15,Dataset!$E$2:$E$51,"High") -> 2
A16: RawMatPlus | B16: =COUNTIF(Dataset!$B$2:$B$51,A16) -> 13 | C16: =AVERAGEIF(Dataset!$B$2:$B$51,A16,Dataset!$J$2:$J$51) -> 92.846154 | D16: =AVERAGEIF(Dataset!$B$2:$B$51,A16,Dataset!$P$2:$P$51) -> 90.615385 | E16: =AVERAGEIF(Dataset!$B$2:$B$51,A16,Dataset!$H$2:$H$51) -> 2.5961538 | F16: =AVERAGEIF(Dataset!$B$2:$B$51,A16,Dataset!$R$2:$R$51) -> 94.153846 | G16: =AVERAGEIF(Dataset!$B$2:$B$51,A16,Dataset!$Q$2:$Q$51) -> 241 | H16: =COUNTIFS(Dataset!$B$2:$B$51,A16,Dataset!$E$2:$E$51,"High") -> 4
A20: Delayed Component | B20: Supplier | C20: Risk Level | D20: Delivery Timeline | E20: On-Time Delivery Rate (%) | F20: Lead Time Variance
A21: BIND567 | B21: EcoSupply | C21: Medium | D21: 64 | E21: 99 | F21: 26
A22: CARB123 | B22: RawMatPlus | C22: Medium | D22: 62 | E22: 84 | F22: 24
A23: COAT890 | B23: GlobalChem | C23: Low | D23: 60 | E23: 82 | F23: 22
A24: COAT890 | B24: GlobalChem | C24: Medium | D24: 15 | E24: 91 | F24: 5
A25: COMP010 | B25: PrimeLogistics | C25: Medium | D25: 15 | E25: 98 | F25: 9
A26: COMP017 | B26: NextGen Pharma | C26: Medium | D26: 15 | E26: 86 | F26: 1
A27: COMP029 | B27: NextGen Pharma | C27: Low | D27: 15 | E27: 83 | F27: 0
A28: COMP030 | B28: PrimeLogistics | C28: High | D28: 14 | E28: 87 | F28: 7
A29: COMP037 | B29: GlobalChem | C29: Medium | D29: 14 | E29: 89 | F29: 10
A30: COMP039 | B30: RawMatPlus | C30: High | D30: 15 | E30: 94 | F30: 3
A31: COMP047 | B31: NextGen Pharma | C31: Medium | D31: 15 | E31: 95 | F31: 7
